G03X01ESCALATOR	G03	ADDISON ROAD-SEAT PLEASANT		Escalator between mezzanine and platform
G03X02ESCALATOR	G03	ADDISON ROAD-SEAT PLEASANT		Escalator between mezzanine and platform
F06S01ESCALATOR	F06	ANACOSTIA	 Howard Road Entrance	Escalator between mezzanine and platform
F06S02ESCALATOR	F06	ANACOSTIA	 Howard Road Entrance	Escalator between mezzanine and platform
F06S03ESCALATOR	F06	ANACOSTIA	 Howard Road Entrance	Escalator between mezzanine and platform
F06N01ESCALATOR	F06	ANACOSTIA	 Kiss & Ride Entrance	Escalator between mezzanine and platform
F06N02ESCALATOR	F06	ANACOSTIA	 Kiss & Ride Entrance	Escalator between mezzanine and platform
F06N03ESCALATOR	F06	ANACOSTIA	 Kiss & Ride Entrance	Escalator between mezzanine and platform
F02X01ESCALATOR	F02	ARCHIVES-Navy Memorial		Escalator between street and mezzanine
F02X02ESCALATOR	F02	ARCHIVES-Navy Memorial		Escalator between street and mezzanine
F02X03ESCALATOR	F02	ARCHIVES-Navy Memorial		Escalator between street and mezzanine
F02X04ESCALATOR	F02	ARCHIVES-Navy Memorial		Escalator between mezzanine and platform
F02X05ESCALATOR	F02	ARCHIVES-Navy Memorial		Escalator between mezzanine and platform
C06X01ESCALATOR	C06	ARLINGTON CEMETERY		Escalator between street and mezzanine north side of Memorial Drive
C06X02ESCALATOR	C06	ARLINGTON CEMETERY		Escalator between street and mezzanine north side of Memorial Drive
C06X03ESCALATOR	C06	ARLINGTON CEMETERY		Escalator between street and mezzanine south side of Memorial Drive
C06X04ESCALATOR	C06	ARLINGTON CEMETERY		Escalator between street and mezzanine south side of Memorial Drive
C06X05ESCALATOR	C06	ARLINGTON CEMETERY		Escalator between mezzanine and platform to Franconia-Springfield
C06X06ESCALATOR	C06	ARLINGTON CEMETERY		Escalator between mezzanine and platform to Largo Town Center
C06X07ESCALATOR	C06	ARLINGTON CEMETERY		Escalator between mezzanine and platform to Largo Town Center
C06X08ESCALATOR	C06	ARLINGTON CEMETERY		Escalator between mezzanine and platform to Franconia-Springfield
K04X01ESCALATOR	K04	BALLSTON-MU		Escalator between street and middle landing
K04X02ESCALATOR	K04	BALLSTON-MU		Escalator between street and middle landing
K04X03ESCALATOR	K04	BALLSTON-MU		Escalator between street and middle landing
K04X04ESCALATOR	K04	BALLSTON-MU		Escalator between middle landing and mezzanine
K04X05ESCALATOR	K04	BALLSTON-MU		Escalator between middle landing and mezzanine
K04X06ESCALATOR	K04	BALLSTON-MU		Escalator between middle landing and mezzanine
K04X07ESCALATOR	K04	BALLSTON-MU		Escalator between mezzanine and platform to New Carrollton
K04X08ESCALATOR	K04	BALLSTON-MU		Escalator between mezzanine and platform to New Carrollton
K04X09ESCALATOR	K04	BALLSTON-MU		Escalator between mezzanine and platform to New Carrollton
K04X10ESCALATOR	K04	BALLSTON-MU		Escalator between mezzanine and platform to Vienna
K04X11ESCALATOR	K04	BALLSTON-MU		Escalator between mezzanine and platform to Vienna
K04X12ESCALATOR	K04	BALLSTON-MU		Escalator between mezzanine and platform to Vienna
G01X01ESCALATOR	G01	BENNING ROAD		Escalator between street and mezzanine
G01X02ESCALATOR	G01	BENNING ROAD		Escalator between street and mezzanine
G01X03ESCALATOR	G01	BENNING ROAD		Escalator between street and mezzanine
G01X04ESCALATOR	G01	BENNING ROAD		Escalator between mezzanine and platform
G01X05ESCALATOR	G01	BENNING ROAD		Escalator between mezzanine and platform
A09X01ESCALATOR	A09	BETHESDA		Escalator between street/food court and bus terminal
A09X02ESCALATOR	A09	BETHESDA		Escalator between bus terminal and mezzanine
A09X03ESCALATOR	A09	BETHESDA		Escalator between bus terminal and mezzanine
A09X04ESCALATOR	A09	BETHESDA		Escalator between bus terminal and mezzanine
A09X05ESCALATOR	A09	BETHESDA		Escalator between mezzanine and platform
A09X06ESCALATOR	A09	BETHESDA		Escalator between mezzanine and platform
C12X01ESCALATOR	C12	BRADDOCK ROAD		Escalator between mezzanine and platform
C12X02ESCALATOR	C12	BRADDOCK ROAD		Escalator between mezzanine and platform
F11X01ESCALATOR	F11	BRANCH AVENUE		Escalator between mezzanine and platform
F11X02ESCALATOR	F11	BRANCH AVENUE		Escalator between mezzanine and platform
B05X01ESCALATOR	B05	BROOKLAND-CUA		Escalator between mezzanine and street at bus terminal
B05X02ESCALATOR	B05	BROOKLAND-CUA		Escalator between mezzanine and platform
B05X03ESCALATOR	B05	BROOKLAND-CUA		Escalator between mezzanine and platform
B05X04ESCALATOR	B05	BROOKLAND-CUA		Escalator between mezzanine and street at Catholic University
G02X01ESCALATOR	G02	CAPITOL HEIGHTS		Escalator between street and mezzanine
G02X02ESCALATOR	G02	CAPITOL HEIGHTS		Escalator between street and mezzanine
G02X03ESCALATOR	G02	CAPITOL HEIGHTS		Escalator between street and mezzanine
G02X04ESCALATOR	G02	CAPITOL HEIGHTS		Escalator between mezzanine and platform
G02X05ESCALATOR	G02	CAPITOL HEIGHTS		Escalator between mezzanine and platform
D05X01ESCALATOR	D05	CAPITOL SOUTH		Escalator between street and mezzanine
D05X02ESCALATOR	D05	CAPITOL SOUTH		Escalator between street and mezzanine
D05X03ESCALATOR	D05	CAPITOL SOUTH		Escalator between street and mezzanine
D05X04ESCALATOR	D05	CAPITOL SOUTH		Escalator between mezzanine and platform
D05X05ESCALATOR	D05	CAPITOL SOUTH		Escalator between mezzanine and platform
D11X01ESCALATOR	D11	CHEVERLY		Escalator between street and mezzanine
D11X02ESCALATOR	D11	CHEVERLY		Escalator between street and mezzanine
D11X03ESCALATOR	D11	CHEVERLY		Escalator between mezzanine and platform to New Carrollton
D11X04ESCALATOR	D11	CHEVERLY		Escalator between mezzanine and platform to New Carrollton
D11X05ESCALATOR	D11	CHEVERLY		Escalator between mezzanine and platform to Vienna
D11X06ESCALATOR	D11	CHEVERLY		Escalator between mezzanine and platform to Vienna
K02X01ESCALATOR	K02	CLARENDON		Escalator between street and middle landing/tunnel
K02X02ESCALATOR	K02	CLARENDON		Escalator between street and middle landing/tunnel
K02X03ESCALATOR	K02	CLARENDON		Escalator between middle landing/tunnel and mezzanine
K02X04ESCALATOR	K02	CLARENDON		Escalator between middle landing/tunnel and mezzanine
K02X05ESCALATOR	K02	CLARENDON		Escalator between mezzanine and platform to Vienna
K02X06ESCALATOR	K02	CLARENDON		Escalator between mezzanine and platform to Vienna
K02X07ESCALATOR	K02	CLARENDON		Escalator between mezzanine and platform to New Carrollton
K02X08ESCALATOR	K02	CLARENDON		Escalator between mezzanine and platform to New Carrollton
A05X01ESCALATOR	A05	CLEVELAND PARK		Escalator between street and middle landing on east side of Connecticut Ave
A05X02ESCALATOR	A05	CLEVELAND PARK		Escalator between street and middle landing on west side of Connecticut Ave
A05X03ESCALATOR	A05	CLEVELAND PARK		Escalator between mezzanine and middle landing
A05X04ESCALATOR	A05	CLEVELAND PARK		Escalator between mezzanine and middle landing
A05X05ESCALATOR	A05	CLEVELAND PARK		Escalator between mezzanine and middle landing
A05X06ESCALATOR	A05	CLEVELAND PARK		Escalator between mezzanine and platform
E09X01ESCALATOR	E09	COLLEGE PARK-U of MD		Escalator between street and mezzanine on west side of station at Post Office
E09X02ESCALATOR	E09	COLLEGE PARK-U of MD		Escalator between street and mezzanine on east side of station at Kiss & Ride
E09X03ESCALATOR	E09	COLLEGE PARK-U of MD		Escalator between mezzanine and platform
E09X04ESCALATOR	E09	COLLEGE PARK-U of MD		Escalator between mezzanine and platform
E04X01ESCALATOR	E04	COLUMBIA HEIGHTS		Escalator between street and mezzanine, 14th Street Southbound Entrance
E04X02ESCALATOR	E04	COLUMBIA HEIGHTS		Escalator between street and mezzanine, 14th Street Southbound Entrance
E04X03ESCALATOR	E04	COLUMBIA HEIGHTS		Escalator between street and mezzanine, 14th Street Southbound Entrance
E04X04ESCALATOR	E04	COLUMBIA HEIGHTS		Escalator between street and mezzanine, 14th Street Northbound Entrance
E04X05ESCALATOR	E04	COLUMBIA HEIGHTS		Escalator between street and mezzanine, 14th Street Northbound Entrance
E04X06ESCALATOR	E04	COLUMBIA HEIGHTS		Escalator between mezzanine and platform
E04X07ESCALATOR	E04	COLUMBIA HEIGHTS		Escalator between mezzanine and platform
F07X01ESCALATOR	F07	CONGRESS HEIGHTS		Escalator between mezzanine and buses/parking
F07X02ESCALATOR	F07	CONGRESS HEIGHTS		Escalator between mezzanine and buses/parking
F07X03ESCALATOR	F07	CONGRESS HEIGHTS		Escalator between mezzanine and platform
F07X04ESCALATOR	F07	CONGRESS HEIGHTS		Escalator between mezzanine and Alabama Avenue
F07X05ESCALATOR	F07	CONGRESS HEIGHTS		Escalator between mezzanine and Alabama Avenue
F07X06ESCALATOR	F07	CONGRESS HEIGHTS		Escalator between mezzanine and platform
F07X07ESCALATOR	F07	CONGRESS HEIGHTS		Escalator between mezzanine and platform
K01X01ESCALATOR	K01	COURT HOUSE		Escalator between street (Wilson Blvd) and middle landing/tunnel
K01X02ESCALATOR	K01	COURT HOUSE		Escalator between street (Wilson Blvd) and middle landing/tunnel
K01X03ESCALATOR	K01	COURT HOUSE		Escalator between street (Wilson Blvd) and middle landing/tunnel
K01X04ESCALATOR	K01	COURT HOUSE		Escalator between middle landing and mezzanine
K01X05ESCALATOR	K01	COURT HOUSE		Escalator between middle landing and mezzanine
K01X06ESCALATOR	K01	COURT HOUSE		Escalator between middle landing and mezzanine
K01X07ESCALATOR	K01	COURT HOUSE		Escalator between mezzanine and platform
K01X08ESCALATOR	K01	COURT HOUSE		Escalator between mezzanine and platform
C09X01ESCALATOR	C09	CRYSTAL CITY		Escalator between street and middle landing
C09X02ESCALATOR	C09	CRYSTAL CITY		Escalator between street and middle landing
C09X03ESCALATOR	C09	CRYSTAL CITY		Escalator between street and middle landing
C09X04ESCALATOR	C09	CRYSTAL CITY		Escalator between middle landing and mezzanine
C09X05ESCALATOR	C09	CRYSTAL CITY		Escalator between middle landing and mezzanine
C09X06ESCALATOR	C09	CRYSTAL CITY		Escalator between middle landing and mezzanine
C09X07ESCALATOR	C09	CRYSTAL CITY		Escalator between mezzanine and platform to Mt. Vernon Sq/Largo Town Center
C09X08ESCALATOR	C09	CRYSTAL CITY		Escalator between mezzanine and platform to Mt. Vernon Sq/Largo Town Center
C09X09ESCALATOR	C09	CRYSTAL CITY		Escalator between mezzanine and platform to Mt. Vernon Sq/Largo Town Center
C09X10ESCALATOR	C09	CRYSTAL CITY		Escalator between mezzanine and platform to Huntington/Franconia-Springfield
C09X11ESCALATOR	C09	CRYSTAL CITY		Escalator between mezzanine and platform to Huntington/Franconia-Springfield
C09X12ESCALATOR	C09	CRYSTAL CITY		Escalator between mezzanine and platform to Huntington/Franconia-Springfield
D10X01ESCALATOR	D10	DEANWOOD		Escalator between street and mezzanine
D10X02ESCALATOR	D10	DEANWOOD		Escalator between street and mezzanine
D10X03ESCALATOR	D10	DEANWOOD		Escalator between mezzanine and platform
D10X04ESCALATOR	D10	DEANWOOD		Escalator between mezzanine and platform
K07X01ESCALATOR	K07	DUNN LORING-MERRIFIELD		Escalator between mezzanine and platform
K07X02ESCALATOR	K07	DUNN LORING-MERRIFIELD		Escalator between mezzanine and platform
A03N01ESCALATOR	A03	DUPONT CIRCLE	 Q Street Entrance	Escalator between street and mezzanine
A03N02ESCALATOR	A03	DUPONT CIRCLE	 Q Street Entrance	Escalator between street and mezzanine
A03N03ESCALATOR	A03	DUPONT CIRCLE	 Q Street Entrance	Escalator between street and mezzanine
A03N04ESCALATOR	A03	DUPONT CIRCLE	 Q Street Entrance	Escalator between mezzanine and platform to Shady Grove
A03N05ESCALATOR	A03	DUPONT CIRCLE	 Q Street Entrance	Escalator between mezzanine and platform to Shady Grove
A03N06ESCALATOR	A03	DUPONT CIRCLE	 Q Street Entrance	Escalator between mezzanine and platform to Glenmont
A03N07ESCALATOR	A03	DUPONT CIRCLE	 Q Street Entrance	Escalator between mezzanine and platform to Glenmont
A03S01ESCALATOR	A03	DUPONT CIRCLE	 South/DuPont Circle Entrance	Escalator between street and mezzanine
A03S02ESCALATOR	A03	DUPONT CIRCLE	 South/DuPont Circle Entrance	Escalator between street and mezzanine
A03S03ESCALATOR	A03	DUPONT CIRCLE	 South/DuPont Circle Entrance	Escalator between street and mezzanine
A03S04ESCALATOR	A03	DUPONT CIRCLE	 South/DuPont Circle Entrance	Escalator between mezzanine and platform to Glenmont
A03S05ESCALATOR	A03	DUPONT CIRCLE	 South/DuPont Circle Entrance	Escalator between mezzanine and platform to Glenmont
A03S06ESCALATOR	A03	DUPONT CIRCLE	 South/DuPont Circle Entrance	Escalator between mezzanine and platform to Shady Grove
A03S07ESCALATOR	A03	DUPONT CIRCLE	 South/DuPont Circle Entrance	Escalator between mezzanine and platform to Shady Grove
K05X01ESCALATOR	K05	EAST FALLS CHURCH		Escalator between mezzanine and platform
K05X02ESCALATOR	K05	EAST FALLS CHURCH		Escalator between mezzanine and platform
K05X03ESCALATOR	K05	EAST FALLS CHURCH		Escalator between mezzanine and platform
D06X01ESCALATOR	D06	EASTERN MARKET		Escalator between street and mezzanine
D06X02ESCALATOR	D06	EASTERN MARKET		Escalator between street and mezzanine
D06X03ESCALATOR	D06	EASTERN MARKET		Escalator between street and mezzanine
D06X04ESCALATOR	D06	EASTERN MARKET		Escalator between mezzanine and platform
D06X05ESCALATOR	D06	EASTERN MARKET		Escalator between mezzanine and platform
C14X01ESCALATOR	C14	EISENHOWER AVENUE		Escalator between mezzanine and platform to Mt. Vernon Sq
C14X02ESCALATOR	C14	EISENHOWER AVENUE		Escalator between mezzanine and platform to Huntington
A02S01ESCALATOR	A02	FARRAGUT NORTH	 K Street Entrance	Escalator between street and mezzanine
A02S02ESCALATOR	A02	FARRAGUT NORTH	 K Street Entrance	Escalator between street and mezzanine
A02S03ESCALATOR	A02	FARRAGUT NORTH	 K Street Entrance	Escalator between street and mezzanine
A02S04ESCALATOR	A02	FARRAGUT NORTH	 K Street Entrance	Escalator between mezzanine and platform
A02S05ESCALATOR	A02	FARRAGUT NORTH	 K Street Entrance	Escalator between mezzanine and platform
A02E01ESCALATOR	A02	FARRAGUT NORTH	 L Street Entrance, East of Connecticut, north side L Street	Escalator between street and mezzanine
A02E02ESCALATOR	A02	FARRAGUT NORTH	 L Street Entrance, East of Connecticut, north side L Street	Escalator between street and mezzanine
A02E03ESCALATOR	A02	FARRAGUT NORTH	 L Street Entrance, East of Connecticut, north side L Street	Escalator between street and mezzanine
A02E04ESCALATOR	A02	FARRAGUT NORTH	 L Street Entrance, East of Connecticut, north side L Street	Escalator between mezzanine and platform
A02E05ESCALATOR	A02	FARRAGUT NORTH	 L Street Entrance, East of Connecticut, north side L Street	Escalator between mezzanine and platform
A02E06ESCALATOR	A02	FARRAGUT NORTH	 L Street Entrance, East of Connecticut, north side L Street	Escalator between mezzanine and platform
A02W01ESCALATOR	A02	FARRAGUT NORTH	 L Street Entrance, West of Connecticut, south side L Street	Escalator between street and mezzanine
A02W02ESCALATOR	A02	FARRAGUT NORTH	 L Street Entrance, West of Connecticut, south side L Street	Escalator between street and mezzanine
A02W03ESCALATOR	A02	FARRAGUT NORTH	 L Street Entrance, West of Connecticut, south side L Street	Escalator between street and mezzanine
A02W04ESCALATOR	A02	FARRAGUT NORTH	 L Street Entrance, West of Connecticut, south side L Street	Escalator between mezzanine and platform
A02W05ESCALATOR	A02	FARRAGUT NORTH	 L Street Entrance, West of Connecticut, south side L Street	Escalator between mezzanine and platform
C03E01ESCALATOR	C03	FARRAGUT WEST	 17th Street Entrance	Escalator between street and mezzanine
C03E02ESCALATOR	C03	FARRAGUT WEST	 17th Street Entrance	Escalator between street and mezzanine
C03E03ESCALATOR	C03	FARRAGUT WEST	 17th Street Entrance	Escalator between street and mezzanine
C03E04ESCALATOR	C03	FARRAGUT WEST	 17th Street Entrance	Escalator between mezzanine and platform to New Carrollton/Largo Town Center
C03E05ESCALATOR	C03	FARRAGUT WEST	 17th Street Entrance	Escalator between mezzanine and platform to New Carrollton/Largo Town Center
C03E06ESCALATOR	C03	FARRAGUT WEST	 17th Street Entrance	Escalator between mezzanine and platform to Vienna/Franconia-Springfield
C03E07ESCALATOR	C03	FARRAGUT WEST	 17th Street Entrance	Escalator between mezzanine and platform to Vienna/Franconia-Springfield
C03W01ESCALATOR	C03	FARRAGUT WEST	 18th Street Entrance	Escalator between street and mezzanine
C03W02ESCALATOR	C03	FARRAGUT WEST	 18th Street Entrance	Escalator between street and mezzanine
C03W03ESCALATOR	C03	FARRAGUT WEST	 18th Street Entrance	Escalator between street and mezzanine
C03W04ESCALATOR	C03	FARRAGUT WEST	 18th Street Entrance	Escalator between mezzanine and platform to Vienna/Franconia-Springfield
C03W05ESCALATOR	C03	FARRAGUT WEST	 18th Street Entrance	Escalator between mezzanine and platform to Vienna/Franconia-Springfield
C03W06ESCALATOR	C03	FARRAGUT WEST	 18th Street Entrance	Escalator between mezzanine and platform to New Carrollton/Largo Town Center
C03W07ESCALATOR	C03	FARRAGUT WEST	 18th Street Entrance	Escalator between mezzanine and platform to New Carrollton/Largo Town Center
D04X01ESCALATOR	D04	FEDERAL CENTER SW		Escalator between street and mezzanine
D04X02ESCALATOR	D04	FEDERAL CENTER SW		Escalator between street and mezzanine
D04X03ESCALATOR	D04	FEDERAL CENTER SW		Escalator between street and mezzanine
D04X04ESCALATOR	D04	FEDERAL CENTER SW		Escalator between mezzanine and platform
D04X05ESCALATOR	D04	FEDERAL CENTER SW		Escalator between mezzanine and platform
D01X01ESCALATOR	D01	FEDERAL TRIANGLE		Escalator between street and middle landing
D01X02ESCALATOR	D01	FEDERAL TRIANGLE		Escalator between street and middle landing
D01X03ESCALATOR	D01	FEDERAL TRIANGLE		Escalator between street and middle landing
D01X04ESCALATOR	D01	FEDERAL TRIANGLE		Escalator between middle landing and mezzanine
D01X05ESCALATOR	D01	FEDERAL TRIANGLE		Escalator between middle landing and mezzanine
D01X06ESCALATOR	D01	FEDERAL TRIANGLE		Escalator between middle landing and mezzanine
D01X07ESCALATOR	D01	FEDERAL TRIANGLE		Escalator between mezzanine and platform
D01X08ESCALATOR	D01	FEDERAL TRIANGLE		Escalator between mezzanine and platform
D01X09ESCALATOR	D01	FEDERAL TRIANGLE		Escalator between mezzanine and platform
C04X01ESCALATOR	C04	FOGGY BOTTOM-GWU		Escalator between street and mezzanine
C04X02ESCALATOR	C04	FOGGY BOTTOM-GWU		Escalator between street and mezzanine
C04X03ESCALATOR	C04	FOGGY BOTTOM-GWU		Escalator between street and mezzanine
C04X04ESCALATOR	C04	FOGGY BOTTOM-GWU		Escalator between mezzanine and platform
C04X05ESCALATOR	C04	FOGGY BOTTOM-GWU		Escalator between mezzanine and platform
C04X06ESCALATOR	C04	FOGGY BOTTOM-GWU		Escalator between mezzanine and platform
B06X01ESCALATOR	B06	FORT TOTTEN		Escalator between mezzanine and upper platform for Red Line
B06X02ESCALATOR	B06	FORT TOTTEN		Escalator between mezzanine and upper platform for Red Line
B06X03ESCALATOR	B06	FORT TOTTEN		Escalator between mezzanine and upper platform for Red Line
B06X04ESCALATOR	B06	FORT TOTTEN		Escalator between mezzanine and upper platform for Red Line
E06X05ESCALATOR	E06	FORT TOTTEN		Escalator between mezzanine and lower platform for Green Line
E06X06ESCALATOR	E06	FORT TOTTEN		Escalator between mezzanine and lower platform for Green Line
J03X01ESCALATOR	J03	FRANCONIA-SPRINGFIELD		Escalator between ground and pedestrian bridge
J03X02ESCALATOR	J03	FRANCONIA-SPRINGFIELD		Escalator between ground and pedestrian bridge
J03X03ESCALATOR	J03	FRANCONIA-SPRINGFIELD		Escalator between mezzanine and platform
J03X04ESCALATOR	J03	FRANCONIA-SPRINGFIELD		Escalator between mezzanine and platform
J03X05ESCALATOR	J03	FRANCONIA-SPRINGFIELD		Escalator between mezzanine and platform
A08S01ESCALATOR	A08	FRIENDSHIP HEIGHTS	 Jenifer Street Entrance	Escalator between mezzanine and platform
A08S02ESCALATOR	A08	FRIENDSHIP HEIGHTS	 Jenifer Street Entrance	Escalator between mezzanine and platform
A08N01ESCALATOR	A08	FRIENDSHIP HEIGHTS	 Western Avenue Entrance	Escalator between bus terminal and middle landing
A08N02ESCALATOR	A08	FRIENDSHIP HEIGHTS	 Western Avenue Entrance	Escalator between bus terminal and middle landing
A08N03ESCALATOR	A08	FRIENDSHIP HEIGHTS	 Western Avenue Entrance	Escalator between middle landing and mezzanine
A08N04ESCALATOR	A08	FRIENDSHIP HEIGHTS	 Western Avenue Entrance	Escalator between middle landing and mezzanine
A08N05ESCALATOR	A08	FRIENDSHIP HEIGHTS	 Western Avenue Entrance	Escalator between middle landing and mezzanine
A08N06ESCALATOR	A08	FRIENDSHIP HEIGHTS	 Western Avenue Entrance	Escalator between mezzanine and platform
A08N07ESCALATOR	A08	FRIENDSHIP HEIGHTS	 Western Avenue Entrance	Escalator between mezzanine and platform
A08N08ESCALATOR	A08	FRIENDSHIP HEIGHTS	 Western Avenue Entrance	Escalator between mezzanine and platform
A08N11ESCALATOR	A08	FRIENDSHIP HEIGHTS	 Western Avenue Entrance	Escalator between Hecht Co. and street
B01E01ESCALATOR	B01	GALLERY PLACE-CHINATOWN	 7th and G Street/Arena Entrance	Escalator between street and mezzanine
B01E02ESCALATOR	B01	GALLERY PLACE-CHINATOWN	 7th and G Street/Arena Entrance	Escalator between street and mezzanine
B01E03ESCALATOR	B01	GALLERY PLACE-CHINATOWN	 7th and G Street/Arena Entrance	Escalator between street and mezzanine
B01E04ESCALATOR	B01	GALLERY PLACE-CHINATOWN	 7th and G Street/Arena Entrance	Escalator between street and mezzanine
B01E05ESCALATOR	B01	GALLERY PLACE-CHINATOWN	 7th and G Street/Arena Entrance	Escalator between mezzanine and platform to Glenmont
B01E06ESCALATOR	B01	GALLERY PLACE-CHINATOWN	 7th and G Street/Arena Entrance	Escalator between mezzanine and platform to Glenmont
B01E07ESCALATOR	B01	GALLERY PLACE-CHINATOWN	 7th and G Street/Arena Entrance	Escalator between mezzanine and platform to Shady Grove
B01E08ESCALATOR	B01	GALLERY PLACE-CHINATOWN	 7th and G Street/Arena Entrance	Escalator between mezzanine and platform to Shady Grove
F01N01ESCALATOR	F01	GALLERY PLACE-CHINATOWN	 7th and H Street/Chinatown Entrance	Escalator between street and middle landing
F01N02ESCALATOR	F01	GALLERY PLACE-CHINATOWN	 7th and H Street/Chinatown Entrance	Escalator between street and middle landing
F01N03ESCALATOR	F01	GALLERY PLACE-CHINATOWN	 7th and H Street/Chinatown Entrance	Escalator between street and middle landing
F01N04ESCALATOR	F01	GALLERY PLACE-CHINATOWN	 7th and H Street/Chinatown Entrance	Escalator between middle landing and mezzanine
F01N05ESCALATOR	F01	GALLERY PLACE-CHINATOWN	 7th and H Street/Chinatown Entrance	Escalator between middle landing and mezzanine
F01N06ESCALATOR	F01	GALLERY PLACE-CHINATOWN	 7th and H Street/Chinatown Entrance	Escalator between middle landing and mezzanine
F01N07ESCALATOR	F01	GALLERY PLACE-CHINATOWN	 7th and H Street/Chinatown Entrance	Escalator between upper platform to Shady Grove and the lower platform for Yellow/Green Line
F01N08ESCALATOR	F01	GALLERY PLACE-CHINATOWN	 7th and H Street/Chinatown Entrance	Escalator between upper platform to Shady Grove and the lower platform for Yellow/Green Line
F01N09ESCALATOR	F01	GALLERY PLACE-CHINATOWN	 7th and H Street/Chinatown Entrance	Escalator between upper platform to Shady Grove and the lower platform for Yellow/Green Line
F01N10ESCALATOR	F01	GALLERY PLACE-CHINATOWN	 7th and H Street/Chinatown Entrance	Escalator between upper platform to Shady Grove and the lower platform for Yellow/Green Line
F01N11ESCALATOR	F01	GALLERY PLACE-CHINATOWN	 7th and H Street/Chinatown Entrance	Escalator between upper platform to Shady Grove and the lower platform for Yellow/Green Line
F01N12ESCALATOR	F01	GALLERY PLACE-CHINATOWN	 7th and H Street/Chinatown Entrance	Escalator between upper platform to Glenmont and the lower platform for Yellow/Green Line
F01N13ESCALATOR	F01	GALLERY PLACE-CHINATOWN	 7th and H Street/Chinatown Entrance	Escalator between upper platform to Glenmont and the lower platform for Yellow/Green Line
F01N14ESCALATOR	F01	GALLERY PLACE-CHINATOWN	 7th and H Street/Chinatown Entrance	Escalator between upper platform to Glenmont and the lower platform for Yellow/Green Line
F01N15ESCALATOR	F01	GALLERY PLACE-CHINATOWN	 7th and H Street/Chinatown Entrance	Escalator between upper platform to Glenmont and the lower platform for Yellow/Green Line
F01N16ESCALATOR	F01	GALLERY PLACE-CHINATOWN	 7th and H Street/Chinatown Entrance	Escalator between upper platform to Glenmont and the lower platform for Yellow/Green Line
B01W01ESCALATOR	B01	GALLERY PLACE-CHINATOWN	 9th and G Street Entrance	Escalator between street and mezzanine
B01W02ESCALATOR	B01	GALLERY PLACE-CHINATOWN	 9th and G Street Entrance	Escalator between street and mezzanine
B01W03ESCALATOR	B01	GALLERY PLACE-CHINATOWN	 9th and G Street Entrance	Escalator between mezzanine and platform to Shady Grove
B01W04ESCALATOR	B01	GALLERY PLACE-CHINATOWN	 9th and G Street Entrance	Escalator between mezzanine and platform to Shady Grove
B01W05ESCALATOR	B01	GALLERY PLACE-CHINATOWN	 9th and G Street Entrance	Escalator between mezzanine and platform to Glenmont
B01W06ESCALATOR	B01	GALLERY PLACE-CHINATOWN	 9th and G Street Entrance	Escalator between mezzanine and platform to Glenmont
E05X01ESCALATOR	E05	GEORGIA AVENUE-PETWORTH		Escalator between street and mezzanine, west side Georgia Ave/bus stop
E05X02ESCALATOR	E05	GEORGIA AVENUE-PETWORTH		Escalator between street and mezzanine, west side Georgia Ave/bus stop
E05X03ESCALATOR	E05	GEORGIA AVENUE-PETWORTH		Escalator between street and mezzanine, west side Georgia Ave/bus stop
E05X04ESCALATOR	E05	GEORGIA AVENUE-PETWORTH		Escalator between street and mezzanine, west side at New Hampshire & Georgia Ave.
E05X05ESCALATOR	E05	GEORGIA AVENUE-PETWORTH		Escalator between street and mezzanine, west side at New Hampshire & Georgia Ave.
E05X06ESCALATOR	E05	GEORGIA AVENUE-PETWORTH		Escalator between mezzanine and platform
E05X07ESCALATOR	E05	GEORGIA AVENUE-PETWORTH		Escalator between mezzanine and platform
B11X01ESCALATOR	B11	GLENMONT		Escalator between street and mezzanine, east side of station at bus bay/Kiss & Ride
B11X02ESCALATOR	B11	GLENMONT		Escalator between street and mezzanine, east side of station at bus bay/Kiss & Ride
B11X03ESCALATOR	B11	GLENMONT		Escalator between street and mezzanine, east side of station at bus bay/Kiss & Ride
B11X04ESCALATOR	B11	GLENMONT		Escalator between street and mezzanine, west side of station at Kiss & Ride
B11X05ESCALATOR	B11	GLENMONT		Escalator between street and mezzanine, west side of station at Kiss & Ride
B11X06ESCALATOR	B11	GLENMONT		Escalator between mezzanine and platform
B11X07ESCALATOR	B11	GLENMONT		Escalator between mezzanine and platform
E10X01ESCALATOR	E10	GREENBELT		Escalator between mezzanine and platform
E10X02ESCALATOR	E10	GREENBELT		Escalator between mezzanine and platform
A11X01ESCALATOR	A11	GROSVENOR-STRATHMORE		Escalator between street and mezzanine (under Rockville Pike)
A11X02ESCALATOR	A11	GROSVENOR-STRATHMORE		Escalator between street and mezzanine (under Rockville Pike)
A11X03ESCALATOR	A11	GROSVENOR-STRATHMORE		Escalator between mezzanine and platform
A11X04ESCALATOR	A11	GROSVENOR-STRATHMORE		Escalator between mezzanine and platform
C15N05ESCALATOR	C15	HUNTINGTON	 Huntington Ave. Entrance	Escalator between mezzanine and platform
C15N06ESCALATOR	C15	HUNTINGTON	 Huntington Ave. Entrance	Escalator between mezzanine and platform
C15S01ESCALATOR	C15	HUNTINGTON	 North Kings Hwy Entrance	Escalator to station entrance
C15S02ESCALATOR	C15	HUNTINGTON	 North Kings Hwy Entrance	Escalator between mezzanine and platform
C15S03ESCALATOR	C15	HUNTINGTON	 North Kings Hwy Entrance	Escalator between mezzanine and platform
C15S04ESCALATOR	C15	HUNTINGTON	 North Kings Hwy Entrance	Escalator between mezzanine and platform
B02S01ESCALATOR	B02	JUDICIARY SQUARE	 4th St/Courthouse Entrance	Escalator between street and mezzanine
B02S03ESCALATOR	B02	JUDICIARY SQUARE	 4th St/Courthouse Entrance	Escalator between street and mezzanine
B02S04ESCALATOR	B02	JUDICIARY SQUARE	 4th St/Courthouse Entrance	Escalator between mezzanine and platform to Shady Grove
B02S05ESCALATOR	B02	JUDICIARY SQUARE	 4th St/Courthouse Entrance	Escalator between mezzanine and platform to Glenmont
B02S06ESCALATOR	B02	JUDICIARY SQUARE	 4th St/Courthouse Entrance	Escalator between mezzanine and platform to Shady Grove
B02S07ESCALATOR	B02	JUDICIARY SQUARE	 4th St/Courthouse Entrance	Escalator between mezzanine and platform to Glenmont
B02N01ESCALATOR	B02	JUDICIARY SQUARE	 Building Museum Entrance	Escalator between street and mezzanine
B02N03ESCALATOR	B02	JUDICIARY SQUARE	 Building Museum Entrance	Escalator between street and mezzanine
B02N04ESCALATOR	B02	JUDICIARY SQUARE	 Building Museum Entrance	Escalator between mezzanine and platform to Shady Grove
B02N05ESCALATOR	B02	JUDICIARY SQUARE	 Building Museum Entrance	Escalator between mezzanine and platform to Glenmont
B02N06ESCALATOR	B02	JUDICIARY SQUARE	 Building Museum Entrance	Escalator between mezzanine and platform to Shady Grove
B02N07ESCALATOR	B02	JUDICIARY SQUARE	 Building Museum Entrance	Escalator between mezzanine and platform to Glenmont
C13S01ESCALATOR	C13	KING STREET		Escalator between mezzanine and platform
C13S02ESCALATOR	C13	KING STREET		Escalator between mezzanine and platform
D03E01ESCALATOR	D03	L'ENFANT PLAZA	 7th & D St (USDOT Entrance)	Escalator between street and mezzanine
D03E02ESCALATOR	D03	L'ENFANT PLAZA	 7th & D St (USDOT Entrance)	Escalator between street and mezzanine
D03E03ESCALATOR	D03	L'ENFANT PLAZA	 7th & D St (USDOT Entrance)	Escalator between street and mezzanine
D03E04ESCALATOR	D03	L'ENFANT PLAZA	 7th & D St (USDOT Entrance)	Escalator between mezzanine and platform to Blue/Orange Line (escalator closer to station entrance)
D03E05ESCALATOR	D03	L'ENFANT PLAZA	 7th & D St (USDOT Entrance)	Escalator between mezzanine and platform to Blue/Orange Line (escalator closer to station entrance)
D03E06ESCALATOR	D03	L'ENFANT PLAZA	 7th & D St (USDOT Entrance)	Escalator between mezzanine and platform to Blue/Orange Line (escalator closer to station entrance)
D03E07ESCALATOR	D03	L'ENFANT PLAZA	 7th & D St (USDOT Entrance)	Escalator between mezzanine and platform to Blue/Orange Line (escalator closer to Yellow/Green platform)
D03E08ESCALATOR	D03	L'ENFANT PLAZA	 7th & D St (USDOT Entrance)	Escalator between mezzanine and platform to Blue/Orange Line (escalator closer to Yellow/Green platform)
D03E09ESCALATOR	D03	L'ENFANT PLAZA	 7th & D St (USDOT Entrance)	Escalator between mezzanine and platform to Blue/Orange Line (escalator closer to Yellow/Green platform)
F03N01ESCALATOR	F03	L'ENFANT PLAZA	 7th St/Maryland Ave./Smithsonian Museums Entrance/VRE trains	Escalator between street and mezzanine
F03N02ESCALATOR	F03	L'ENFANT PLAZA	 7th St/Maryland Ave./Smithsonian Museums Entrance/VRE trains	Escalator between street and mezzanine
F03N03ESCALATOR	F03	L'ENFANT PLAZA	 7th St/Maryland Ave./Smithsonian Museums Entrance/VRE trains	Escalator between street and mezzanine
F03N04ESCALATOR	F03	L'ENFANT PLAZA	 7th St/Maryland Ave./Smithsonian Museums Entrance/VRE trains	Escalator between mezzanine and platform to Greenbelt/Mr. Vernon Sq
F03N05ESCALATOR	F03	L'ENFANT PLAZA	 7th St/Maryland Ave./Smithsonian Museums Entrance/VRE trains	Escalator between mezzanine and platform to Greenbelt/Mr. Vernon Sq
F03N06ESCALATOR	F03	L'ENFANT PLAZA	 7th St/Maryland Ave./Smithsonian Museums Entrance/VRE trains	Escalator between mezzanine and platform to Greenbelt/Mr. Vernon Sq
F03N07ESCALATOR	F03	L'ENFANT PLAZA	 7th St/Maryland Ave./Smithsonian Museums Entrance/VRE trains	Escalator between mezzanine and platform to Branch Ave/Huntington
F03N08ESCALATOR	F03	L'ENFANT PLAZA	 7th St/Maryland Ave./Smithsonian Museums Entrance/VRE trains	Escalator between mezzanine and platform to Branch Ave/Huntington
F03N09ESCALATOR	F03	L'ENFANT PLAZA	 7th St/Maryland Ave./Smithsonian Museums Entrance/VRE trains	Escalator between mezzanine and platform to Branch Ave/Huntington
F03N10ESCALATOR	F03	L'ENFANT PLAZA	 7th St/Maryland Ave./Smithsonian Museums Entrance/VRE trains	Escalator between mezzanine and end of platform to Greenbelt/Mt. Vernon Sq (no exit)
F03N11ESCALATOR	F03	L'ENFANT PLAZA	 7th St/Maryland Ave./Smithsonian Museums Entrance/VRE trains	Escalator between mezzanine and end of platform to Greenbelt/Mt. Vernon Sq (no exit)
F03N12ESCALATOR	F03	L'ENFANT PLAZA	 7th St/Maryland Ave./Smithsonian Museums Entrance/VRE trains	Escalator between mezzanine and end of platform to Branch Ave/Huntington (no exit)
F03N13ESCALATOR	F03	L'ENFANT PLAZA	 7th St/Maryland Ave./Smithsonian Museums Entrance/VRE trains	Escalator between mezzanine and end of platform to Branch Ave/Huntington (no exit)
D03W01ESCALATOR	D03	L'ENFANT PLAZA	 9th & D St  (L'Enfant Plaza Entrance)	Escalator between street and mezzanine
D03W02ESCALATOR	D03	L'ENFANT PLAZA	 9th & D St  (L'Enfant Plaza Entrance)	Escalator between street and mezzanine
D03W03ESCALATOR	D03	L'ENFANT PLAZA	 9th & D St  (L'Enfant Plaza Entrance)	Escalator between street and mezzanine
D03W04ESCALATOR	D03	L'ENFANT PLAZA	 9th & D St  (L'Enfant Plaza Entrance)	Escalator between mezzanine and lower platform for Blue/Orange Line (escalator closer to station entrance)
D03W05ESCALATOR	D03	L'ENFANT PLAZA	 9th & D St  (L'Enfant Plaza Entrance)	Escalator between mezzanine and lower platform for Blue/Orange Line (escalator closer to station entrance)
D03W06ESCALATOR	D03	L'ENFANT PLAZA	 9th & D St  (L'Enfant Plaza Entrance)	Escalator between mezzanine and lower platform for Blue/Orange Line (escalator closer to station entrance)
D03W07ESCALATOR	D03	L'ENFANT PLAZA	 9th & D St  (L'Enfant Plaza Entrance)	Escalator between mezzanine and lower platform for Blue/Orange Line (escalator closer to Yellow/Green platform)
D03W08ESCALATOR	D03	L'ENFANT PLAZA	 9th & D St  (L'Enfant Plaza Entrance)	Escalator between mezzanine and lower platform for Blue/Orange Line (escalator closer to Yellow/Green platform)
D03W09ESCALATOR	D03	L'ENFANT PLAZA	 9th & D St  (L'Enfant Plaza Entrance)	Escalator between mezzanine and lower platform for Blue/Orange Line (escalator closer to Yellow/Green platform)
D12X01ESCALATOR	D12	LANDOVER		Escalator between mezzanine and platform
D12X02ESCALATOR	D12	LANDOVER		Escalator between mezzanine and platform
G05X01ESCALATOR	G05	LARGO TOWN CENTER		Escalator between street and mezzanine
G05X02ESCALATOR	G05	LARGO TOWN CENTER		Escalator between mezzanine and platform
G05X03ESCALATOR	G05	LARGO TOWN CENTER		Escalator between mezzanine and platform
G05X04ESCALATOR	G05	LARGO TOWN CENTER		Escalator between mezzanine and platform
C02E01ESCALATOR	C02	MCPHERSON SQUARE	 Franklin Square/14th St. Entrance	Escalator between street and mezzanine
C02E02ESCALATOR	C02	MCPHERSON SQUARE	 Franklin Square/14th St. Entrance	Escalator between street and mezzanine
C02E03ESCALATOR	C02	MCPHERSON SQUARE	 Franklin Square/14th St. Entrance	Escalator between street and mezzanine
C02E04ESCALATOR	C02	MCPHERSON SQUARE	 Franklin Square/14th St. Entrance	Escalator between mezzanine and platform to New Carrollton/Largo Town Center
C02E05ESCALATOR	C02	MCPHERSON SQUARE	 Franklin Square/14th St. Entrance	Escalator between mezzanine and platform to New Carrollton/Largo Town Center
C02E06ESCALATOR	C02	MCPHERSON SQUARE	 Franklin Square/14th St. Entrance	Escalator between mezzanine and platform to Vienna/Franconia-Springfield
C02E07ESCALATOR	C02	MCPHERSON SQUARE	 Franklin Square/14th St. Entrance	Escalator between mezzanine and platform to Vienna/Franconia-Springfield
C02W01ESCALATOR	C02	MCPHERSON SQUARE	 Vermont Ave./Veterans Administration Entrance	Escalator between street and mezzanine
C02W02ESCALATOR	C02	MCPHERSON SQUARE	 Vermont Ave./Veterans Administration Entrance	Escalator between street and mezzanine
C02W03ESCALATOR	C02	MCPHERSON SQUARE	 Vermont Ave./Veterans Administration Entrance	Escalator between street and mezzanine
C02W04ESCALATOR	C02	MCPHERSON SQUARE	 Vermont Ave./Veterans Administration Entrance	Escalator between mezzanine and platform to Vienna/Franconia-Springfield
C02W05ESCALATOR	C02	MCPHERSON SQUARE	 Vermont Ave./Veterans Administration Entrance	Escalator between mezzanine and platform to Vienna/Franconia-Springfield
C02W06ESCALATOR	C02	MCPHERSON SQUARE	 Vermont Ave./Veterans Administration Entrance	Escalator between mezzanine and platform to New Carrollton/Largo Town Center
C02W07ESCALATOR	C02	MCPHERSON SQUARE	 Vermont Ave./Veterans Administration Entrance	Escalator between mezzanine and platform to New Carrollton/Largo Town Center
A10X01ESCALATOR	A10	MEDICAL CENTER		Escalator between street and mezzanine
A10X02ESCALATOR	A10	MEDICAL CENTER		Escalator between street and mezzanine
A10X03ESCALATOR	A10	MEDICAL CENTER		Escalator between street and mezzanine
A10X04ESCALATOR	A10	MEDICAL CENTER		Escalator between mezzanine and platform
A10X05ESCALATOR	A10	MEDICAL CENTER		Escalator between mezzanine and platform
C01S01ESCALATOR	C01	METRO CENTER	 F and 12th St Entrance	Escalator between street and mezzanine
C01S02ESCALATOR	C01	METRO CENTER	 F and 12th St Entrance	Escalator between street and mezzanine
C01S03ESCALATOR	C01	METRO CENTER	 F and 12th St Entrance	Escalator between street and mezzanine
C01S04ESCALATOR	C01	METRO CENTER	 F and 12th St Entrance	Escalator between upper platform and lower platform to Blue/Orange Lines
C01S05ESCALATOR	C01	METRO CENTER	 F and 12th St Entrance	Escalator between upper platform and lower platform to Blue/Orange Lines
C01S06ESCALATOR	C01	METRO CENTER	 F and 12th St Entrance	Escalator between upper platform and lower platform to Blue/Orange Lines
A01E01ESCALATOR	A01	METRO CENTER	 G and 11th St Entrance	Escalator between street and mezzanine
A01E02ESCALATOR	A01	METRO CENTER	 G and 11th St Entrance	Escalator between street and mezzanine
A01E03ESCALATOR	A01	METRO CENTER	 G and 11th St Entrance	Escalator between street and mezzanine
A01E04ESCALATOR	A01	METRO CENTER	 G and 11th St Entrance	Escalator between mezzanine and platform to Glenmont
A01E05ESCALATOR	A01	METRO CENTER	 G and 11th St Entrance	Escalator between mezzanine and platform to Glenmont
A01E06ESCALATOR	A01	METRO CENTER	 G and 11th St Entrance	Escalator between mezzanine and platform to Shady Grove
A01E07ESCALATOR	A01	METRO CENTER	 G and 11th St Entrance	Escalator between mezzanine and platform to Shady Grove
C01N01ESCALATOR	C01	METRO CENTER	 G and 12th St Entrance	Escalator between street and mezzanine
C01N02ESCALATOR	C01	METRO CENTER	 G and 12th St Entrance	Escalator between street and mezzanine
C01N03ESCALATOR	C01	METRO CENTER	 G and 12th St Entrance	Escalator between upper and lower platforms
C01N04ESCALATOR	C01	METRO CENTER	 G and 12th St Entrance	Escalator between upper and lower platforms
C01N05ESCALATOR	C01	METRO CENTER	 G and 12th St Entrance	Escalator between upper and lower platforms
A01W01ESCALATOR	A01	METRO CENTER	 G and 13th St Entrance	Escalator between street and mezzanine
A01W02ESCALATOR	A01	METRO CENTER	 G and 13th St Entrance	Escalator between street and mezzanine
A01W03ESCALATOR	A01	METRO CENTER	 G and 13th St Entrance	Escalator between street and mezzanine
A01W04ESCALATOR	A01	METRO CENTER	 G and 13th St Entrance	Escalator between mezzanine and platform to Shady Grove
A01W05ESCALATOR	A01	METRO CENTER	 G and 13th St Entrance	Escalator between mezzanine and platform to Shady Grove
A01W06ESCALATOR	A01	METRO CENTER	 G and 13th St Entrance	Escalator between mezzanine and platform to Glenmont
A01W07ESCALATOR	A01	METRO CENTER	 G and 13th St Entrance	Escalator between mezzanine and platform to Glenmont
D09X01ESCALATOR	D09	MINNESOTA AVENUE		Escalator between street and mezzanine
D09X02ESCALATOR	D09	MINNESOTA AVENUE		Escalator between street and mezzanine
D09X03ESCALATOR	D09	MINNESOTA AVENUE		Escalator between mezzanine and platform
D09X04ESCALATOR	D09	MINNESOTA AVENUE		Escalator between mezzanine and platform
G04X01ESCALATOR	G04	MORGAN BLVD		Escalator between mezzanine and platform
G04X02ESCALATOR	G04	MORGAN BLVD		Escalator between mezzanine and platform
G04X03ESCALATOR	G04	MORGAN BLVD		Escalator between mezzanine and platform
E01X01ESCALATOR	E01	MT. VERNON SQUARE/7TH STREET-CONVENTION CENTER		Escalator between street and mezzanine
E01X02ESCALATOR	E01	MT. VERNON SQUARE/7TH STREET-CONVENTION CENTER		Escalator between street and mezzanine
E01X03ESCALATOR	E01	MT. VERNON SQUARE/7TH STREET-CONVENTION CENTER		Escalator between street and mezzanine
E01X04ESCALATOR	E01	MT. VERNON SQUARE/7TH STREET-CONVENTION CENTER		Escalator between street and mezzanine
E01X05ESCALATOR	E01	MT. VERNON SQUARE/7TH STREET-CONVENTION CENTER		Escalator between mezzanine and platform
E01X06ESCALATOR	E01	MT. VERNON SQUARE/7TH STREET-CONVENTION CENTER		Escalator between mezzanine and platform
E01X07ESCALATOR	E01	MT. VERNON SQUARE/7TH STREET-CONVENTION CENTER		Escalator between mezzanine and platform
F05W01ESCALATOR	F05	NAVY YARD	 Half Street Entrance	Escalator between street and mezzanine
F05W02ESCALATOR	F05	NAVY YARD	 Half Street Entrance	Escalator between street and mezzanine
F05W03ESCALATOR	F05	NAVY YARD	 Half Street Entrance	Escalator between street and mezzanine
F05W04ESCALATOR	F05	NAVY YARD	 Half Street Entrance	Escalator between mezzanine and platform
F05W05ESCALATOR	F05	NAVY YARD	 Half Street Entrance	Escalator between mezzanine and platform
F05E01ESCALATOR	F05	NAVY YARD	 Navy Yard Entrance	Escalator between street and mezzanine
F05E02ESCALATOR	F05	NAVY YARD	 Navy Yard Entrance	Escalator between street and mezzanine
F05E03ESCALATOR	F05	NAVY YARD	 Navy Yard Entrance	Escalator between street and mezzanine
F05E04ESCALATOR	F05	NAVY YARD	 Navy Yard Entrance	Escalator between mezzanine and platform
F09X01ESCALATOR	F09	NAYLOR ROAD		Escalator between mezzanine and platform
F09X02ESCALATOR	F09	NAYLOR ROAD		Escalator between mezzanine and platform
D13X01ESCALATOR	D13	NEW CARROLLTON		Escalator between mezzanine and platform
D13X02ESCALATOR	D13	NEW CARROLLTON		Escalator between mezzanine and platform
D13X03ESCALATOR	D13	NEW CARROLLTON		Escalator between mezzanine and street at Route 450
B35N01ESCALATOR	B35	NEW YORK AVENUE	 Florida Avenue Entrance	Escalator between platform and mezzanine
B35N02ESCALATOR	B35	NEW YORK AVENUE	 Florida Avenue Entrance	Escalator between platform and mezzanine
B35S01ESCALATOR	B35	NEW YORK AVENUE	 M Street Entrance	Escalator between platform and mezzanine
B35S02ESCALATOR	B35	NEW YORK AVENUE	 M Street Entrance	Escalator between platform and mezzanine
C07E14ESCALATOR	C07	PENTAGON		Escalator between the lower bus platform and the upper platform
C07E15ESCALATOR	C07	PENTAGON		Escalator between the lower bus platform and the upper platform
C07N04ESCALATOR	C07	PENTAGON		Escalator at north end of bus bay (closer to the Potomac River)
C07N05ESCALATOR	C07	PENTAGON		Escalator at north end of bus bay (closer to the Potomac River)
C07N06ESCALATOR	C07	PENTAGON		Escalator at north end of bus bay (closer to the Potomac River)
C07N10ESCALATOR	C07	PENTAGON		Escalator between upper and lower platforms
C07N11ESCALATOR	C07	PENTAGON		Escalator between upper and lower platforms
C07S07ESCALATOR	C07	PENTAGON		Escalator at south end of bus bay (closer to Pentagon City)
C07S08ESCALATOR	C07	PENTAGON		Escalator at south end of bus bay (closer to Pentagon City)
C07S09ESCALATOR	C07	PENTAGON		Escalator at south end of bus bay (closer to Pentagon City)
C07S12ESCALATOR	C07	PENTAGON		Escalator between upper and lower platforms
C07S13ESCALATOR	C07	PENTAGON		Escalator between upper and lower platforms
C08X01ESCALATOR	C08	PENTAGON CITY		Escalator between street and mezzanine on west side of Hayes street, at The Fashion Center
C08X02ESCALATOR	C08	PENTAGON CITY		Escalator between street and mezzanine on west side of Hayes street, at The Fashion Center
C08X03ESCALATOR	C08	PENTAGON CITY		Escalator between street and mezzanine on east side of Hayes street, at Pentagon Centre
C08X04ESCALATOR	C08	PENTAGON CITY		Escalator between street and mezzanine on east side of Hayes street, at Pentagon Centre
C08X05ESCALATOR	C08	PENTAGON CITY		Escalator between mezzanine and platform to Huntington/Franconia-Springfield
C08X06ESCALATOR	C08	PENTAGON CITY		Escalator between mezzanine and platform to Huntington/Franconia-Springfield
C08X07ESCALATOR	C08	PENTAGON CITY		Escalator between mezzanine and platform to Huntington/Franconia-Springfield
C08X08ESCALATOR	C08	PENTAGON CITY		Escalator between mezzanine and platform to Mt. Vernon Sq/Largo Town Center
C08X09ESCALATOR	C08	PENTAGON CITY		Escalator between mezzanine and platform to Mt. Vernon Sq/Largo Town Center
C08X10ESCALATOR	C08	PENTAGON CITY		Escalator between mezzanine and platform to Mt. Vernon Sq/Largo Town Center
D07X01ESCALATOR	D07	POTOMAC AVENUE		Escalator between street and mezzanine
D07X02ESCALATOR	D07	POTOMAC AVENUE		Escalator between street and mezzanine
D07X03ESCALATOR	D07	POTOMAC AVENUE		Escalator between street and mezzanine
D07X04ESCALATOR	D07	POTOMAC AVENUE		Escalator between mezzanine and platform
D07X05ESCALATOR	D07	POTOMAC AVENUE		Escalator between mezzanine and platform
D07X06ESCALATOR	D07	POTOMAC AVENUE		Escalator between mezzanine and platform
E08X01ESCALATOR	E08	PRINCE GEORGE'S PLAZA		Escalator between mezzanine and platform to Branch Ave
E08X02ESCALATOR	E08	PRINCE GEORGE'S PLAZA		Escalator between mezzanine and platform to Branch Ave
E08X03ESCALATOR	E08	PRINCE GEORGE'S PLAZA		Escalator between mezzanine and platform Greenbelt
E08X04ESCALATOR	E08	PRINCE GEORGE'S PLAZA		Escalator between mezzanine and platform Greenbelt
B04X01ESCALATOR	B04	RHODE ISLAND AVENUE		Escalator between mezzanine and platform
B04X02ESCALATOR	B04	RHODE ISLAND AVENUE		Escalator between mezzanine and platform
B04X03ESCALATOR	B04	RHODE ISLAND AVENUE		Escalator between mezzanine and platform
A14X01ESCALATOR	A14	ROCKVILLE		Escalator between mezzanine and platform
A14X02ESCALATOR	A14	ROCKVILLE		Escalator between mezzanine and platform
C10N01ESCALATOR	C10	RONALD REAGAN WASHINGTON NATIONAL AIRPORT	 North Entrance	Escalator between mezzanine and platform to Mt.Vernon Sq/Largo Town Center
C10N02ESCALATOR	C10	RONALD REAGAN WASHINGTON NATIONAL AIRPORT	 North Entrance	Escalator between mezzanine and platform to Mt.Vernon Sq/Largo Town Center
C10N03ESCALATOR	C10	RONALD REAGAN WASHINGTON NATIONAL AIRPORT	 North Entrance	Escalator between mezzanine and platform to Huntington/Franconia-Springfield
C10N04ESCALATOR	C10	RONALD REAGAN WASHINGTON NATIONAL AIRPORT	 North Entrance	Escalator between mezzanine and platform to Huntington/Franconia-Springfield
C10S01ESCALATOR	C10	RONALD REAGAN WASHINGTON NATIONAL AIRPORT	 South Entrance	Escalator between mezzanine and platform to Huntington/Franconia-Springfield
C10S02ESCALATOR	C10	RONALD REAGAN WASHINGTON NATIONAL AIRPORT	 South Entrance	Escalator between mezzanine and platform to Huntington/Franconia-Springfield
C10S03ESCALATOR	C10	RONALD REAGAN WASHINGTON NATIONAL AIRPORT	 South Entrance	Escalator between mezzanine and platform to Mt.Vernon Sq/Largo Town Center
C10S04ESCALATOR	C10	RONALD REAGAN WASHINGTON NATIONAL AIRPORT	 South Entrance	Escalator between mezzanine and platform to Mt.Vernon Sq/Largo Town Center
C05X01ESCALATOR	C05	ROSSLYN		Escalator between mezzanine and upper platform
C05X02ESCALATOR	C05	ROSSLYN		Escalator between mezzanine and upper platform
C05X03ESCALATOR	C05	ROSSLYN		Escalator between mezzanine and upper platform
C05X04ESCALATOR	C05	ROSSLYN		Escalator between mezzanine and upper platform
C05X05ESCALATOR	C05	ROSSLYN		Escalator between upper platform and lower platform
C05X06ESCALATOR	C05	ROSSLYN		Escalator between upper platform and lower platform
C05X07ESCALATOR	C05	ROSSLYN		Escalator between upper platform and lower platform
C05X08ESCALATOR	C05	ROSSLYN		Escalator between upper platform and lower platform
C05X09ESCALATOR	C05	ROSSLYN		Escalator between skywalk and mezzanine
C05X10ESCALATOR	C05	ROSSLYN		Escalator between skywalk and mezzanine
A15X01ESCALATOR	A15	SHADY GROVE		Escalator between east side parking/Kiss & Ride and mezzanine
A15X02ESCALATOR	A15	SHADY GROVE		Escalator between mezzanine and platform
A15X03ESCALATOR	A15	SHADY GROVE		Escalator between mezzanine and platform
E02N01ESCALATOR	E02	SHAW-HOWARD U	 7th and S St. N.W. Entrance	Escalator between street and mezzanine
E02N02ESCALATOR	E02	SHAW-HOWARD U	 7th and S St. N.W. Entrance	Escalator between street and mezzanine
E02N03ESCALATOR	E02	SHAW-HOWARD U	 7th and S St. N.W. Entrance	Escalator between mezzanine and platform
E02N04ESCALATOR	E02	SHAW-HOWARD U	 7th and S St. N.W. Entrance	Escalator between mezzanine and platform
E02S01ESCALATOR	E02	SHAW-HOWARD U	 8th and R St. N.W. Entrance	Escalator between street and mezzanine
E02S02ESCALATOR	E02	SHAW-HOWARD U	 8th and R St. N.W. Entrance	Escalator between street and mezzanine
E02S03ESCALATOR	E02	SHAW-HOWARD U	 8th and R St. N.W. Entrance	Escalator between mezzanine and platform
E02S04ESCALATOR	E02	SHAW-HOWARD U	 8th and R St. N.W. Entrance	Escalator between mezzanine and platform
B08N04ESCALATOR	B08	SILVER SPRING	 North Side/Colesville Road Entrance	Escalator between mezzanine and platform
B08N05ESCALATOR	B08	SILVER SPRING	 North Side/Colesville Road Entrance	Escalator between mezzanine and platform
B08S01ESCALATOR	B08	SILVER SPRING	 South Side/Bus Terminal Entrance	Escalator between mezzanine and platform
B08S02ESCALATOR	B08	SILVER SPRING	 South Side/Bus Terminal Entrance	Escalator between mezzanine and platform
B08S03ESCALATOR	B08	SILVER SPRING	 South Side/Bus Terminal Entrance	Escalator between mezzanine and platform
D02S01ESCALATOR	D02	SMITHSONIAN	 Independence Avenue Entrance	Escalator between street mezzanine
D02S02ESCALATOR	D02	SMITHSONIAN	 Independence Avenue Entrance	Escalator between street mezzanine
D02S03ESCALATOR	D02	SMITHSONIAN	 Independence Avenue Entrance	Escalator between street mezzanine
D02S04ESCALATOR	D02	SMITHSONIAN	 Independence Avenue Entrance	Escalator between mezzanine and platform to New Carrolton/Largo Town Center
D02S05ESCALATOR	D02	SMITHSONIAN	 Independence Avenue Entrance	Escalator between mezzanine and platform to New Carrolton/Largo Town Center
D02S06ESCALATOR	D02	SMITHSONIAN	 Independence Avenue Entrance	Escalator between mezzanine and platform to Vienna/Franconia-Springfield
D02S07ESCALATOR	D02	SMITHSONIAN	 Independence Avenue Entrance	Escalator between mezzanine and platform to Vienna/Franconia-Springfield
D02N01ESCALATOR	D02	SMITHSONIAN	 The Mall Entrance	Escalator between street and mezzanine
D02N02ESCALATOR	D02	SMITHSONIAN	 The Mall Entrance	Escalator between street and mezzanine
D02N03ESCALATOR	D02	SMITHSONIAN	 The Mall Entrance	Escalator between street and mezzanine
D02N04ESCALATOR	D02	SMITHSONIAN	 The Mall Entrance	Escalator between mezzanine and platform to Vienna/Franconia-Springfield
D02N05ESCALATOR	D02	SMITHSONIAN	 The Mall Entrance	Escalator between mezzanine and platform to Vienna/Franconia-Springfield
D02N06ESCALATOR	D02	SMITHSONIAN	 The Mall Entrance	Escalator between mezzanine and platform to New Carrolton/Largo Town Center
D02N07ESCALATOR	D02	SMITHSONIAN	 The Mall Entrance	Escalator between mezzanine and platform to New Carrolton/Largo Town Center
F08X01ESCALATOR	F08	SOUTHERN AVENUE		Escalator between mezzanine and garage
F08X02ESCALATOR	F08	SOUTHERN AVENUE		Escalator between mezzanine and garage
F08X03ESCALATOR	F08	SOUTHERN AVENUE		Escalator between mezzanine and platform
F08X04ESCALATOR	F08	SOUTHERN AVENUE		Escalator between mezzanine and platform
D08S01ESCALATOR	D08	STADIUM-ARMORY	 D.C. General Hospital Entrance	Escalator between street and mezzanine
D08S02ESCALATOR	D08	STADIUM-ARMORY	 D.C. General Hospital Entrance	Escalator between street and mezzanine
D08S03ESCALATOR	D08	STADIUM-ARMORY	 D.C. General Hospital Entrance	Escalator between mezzanine and platform
D08S04ESCALATOR	D08	STADIUM-ARMORY	 D.C. General Hospital Entrance	Escalator between mezzanine and platform
D08N01ESCALATOR	D08	STADIUM-ARMORY	 Stadium and Armory Entrance	Escalator between street and mezzanine
D08N02ESCALATOR	D08	STADIUM-ARMORY	 Stadium and Armory Entrance	Escalator between street and mezzanine
D08N03ESCALATOR	D08	STADIUM-ARMORY	 Stadium and Armory Entrance	Escalator between street and mezzanine
D08N04ESCALATOR	D08	STADIUM-ARMORY	 Stadium and Armory Entrance	Escalator between mezzanine and platform
D08N05ESCALATOR	D08	STADIUM-ARMORY	 Stadium and Armory Entrance	Escalator between mezzanine and platform
D08N06ESCALATOR	D08	STADIUM-ARMORY	 Stadium and Armory Entrance	Escalator between mezzanine and platform
F10X01ESCALATOR	F10	SUITLAND		Escalator between mezzanine and garage
F10X02ESCALATOR	F10	SUITLAND		Escalator between mezzanine and garage
F10X03ESCALATOR	F10	SUITLAND		Escalator between mezzanine and platform
F10X04ESCALATOR	F10	SUITLAND		Escalator between mezzanine and platform
B07X01ESCALATOR	B07	TAKOMA		Escalator between mezzanine and platform
B07X02ESCALATOR	B07	TAKOMA		Escalator between mezzanine and platform
B07X03ESCALATOR	B07	TAKOMA		Escalator between mezzanine and platform
A07X01ESCALATOR	A07	TENLEYTOWN-AU		Escalator between street and middle landing, east side of Wisconsin Avenue
A07X02ESCALATOR	A07	TENLEYTOWN-AU		Escalator between street and middle landing, east side of Wisconsin Avenue
A07X03ESCALATOR	A07	TENLEYTOWN-AU		Escalator between street and middle landing, west side of Wisconsin Avenue
A07X04ESCALATOR	A07	TENLEYTOWN-AU		Escalator between street and middle landing, west side of Wisconsin Avenue
A07X05ESCALATOR	A07	TENLEYTOWN-AU		Escalator between middle landing and mezzanine
A07X06ESCALATOR	A07	TENLEYTOWN-AU		Escalator between middle landing and mezzanine
A07X07ESCALATOR	A07	TENLEYTOWN-AU		Escalator between middle landing and mezzanine
A07X08ESCALATOR	A07	TENLEYTOWN-AU		Escalator between mezzanine and platform
A07X09ESCALATOR	A07	TENLEYTOWN-AU		Escalator between mezzanine and platform
A13X01ESCALATOR	A13	TWINBROOK		Escalator between mezzanine and platform
E03W01ESCALATOR	E03	U STREET/AFRICAN-AMERICAN CIVIL WAR MEMORIAL/CARDOZO	 13th and U St Entrance	Escalator between street and mezzanine
E03W02ESCALATOR	E03	U STREET/AFRICAN-AMERICAN CIVIL WAR MEMORIAL/CARDOZO	 13th and U St Entrance	Escalator between street and mezzanine
E03W03ESCALATOR	E03	U STREET/AFRICAN-AMERICAN CIVIL WAR MEMORIAL/CARDOZO	 13th and U St Entrance	Escalators between mezzanine and platform
E03W04ESCALATOR	E03	U STREET/AFRICAN-AMERICAN CIVIL WAR MEMORIAL/CARDOZO	 13th and U St Entrance	Escalators between mezzanine and platform
E03E01ESCALATOR	E03	U STREET/AFRICAN-AMERICAN CIVIL WAR MEMORIAL/CARDOZO	 Vermont Avenue Entrance	Escalator between street and mezzanine
E03E02ESCALATOR	E03	U STREET/AFRICAN-AMERICAN CIVIL WAR MEMORIAL/CARDOZO	 Vermont Avenue Entrance	Escalator between street and mezzanine
E03E03ESCALATOR	E03	U STREET/AFRICAN-AMERICAN CIVIL WAR MEMORIAL/CARDOZO	 Vermont Avenue Entrance	Escalator between mezzanine and platform
E03E04ESCALATOR	E03	U STREET/AFRICAN-AMERICAN CIVIL WAR MEMORIAL/CARDOZO	 Vermont Avenue Entrance	Escalator between mezzanine and platform
B03N01ESCALATOR	B03	UNION STATION	 1st Street, NW/Amtrak Station Entrance	Escalator between Amtrak Station and mezzanine
B03N02ESCALATOR	B03	UNION STATION	 1st Street, NW/Amtrak Station Entrance	Escalator between Amtrak Station and mezzanine
B03N03ESCALATOR	B03	UNION STATION	 1st Street, NW/Amtrak Station Entrance	Escalator between platform and mezzanine
B03N04ESCALATOR	B03	UNION STATION	 1st Street, NW/Amtrak Station Entrance	Escalator between platform and mezzanine
B03S01ESCALATOR	B03	UNION STATION	 Massachusetts Ave. Entrance to Union Station Shops	Escalator between street and mezzanine
B03S03ESCALATOR	B03	UNION STATION	 Massachusetts Ave. Entrance to Union Station Shops	Escalator between street and mezzanine
B03S04ESCALATOR	B03	UNION STATION	 Massachusetts Ave. Entrance to Union Station Shops	Escalator between street and mezzanine
B03S05ESCALATOR	B03	UNION STATION	 Massachusetts Ave. Entrance to Union Station Shops	Escalator between street and mezzanine
B03S06ESCALATOR	B03	UNION STATION	 Massachusetts Ave. Entrance to Union Station Shops	Escalator between street and mezzanine
J02X01ESCALATOR	J02	VAN DORN STREET		Escalator between mezzanine and platform
J02X02ESCALATOR	J02	VAN DORN STREET		Escalator between mezzanine and platform
A06X01ESCALATOR	A06	VAN NESS-UDC		Escalator between street and middle landing at on east side of Connecticut Ave. at Giant and CVS
A06X02ESCALATOR	A06	VAN NESS-UDC		Escalator between street and middle landing at on east side of Connecticut Ave. at Giant and CVS
A06X03ESCALATOR	A06	VAN NESS-UDC		Escalator between street and middle landing on west side of Connecticut Ave. at UDC
A06X04ESCALATOR	A06	VAN NESS-UDC		Escalator between street and middle landing on west side of Connecticut Ave. at UDC
A06X05ESCALATOR	A06	VAN NESS-UDC		Escalator between middle landing and mezzanine
A06X06ESCALATOR	A06	VAN NESS-UDC		Escalator between middle landing and mezzanine
A06X07ESCALATOR	A06	VAN NESS-UDC		Escalator between mezzanine and platform
A06X08ESCALATOR	A06	VAN NESS-UDC		Escalator between mezzanine and platform
K08X01ESCALATOR	K08	VIENNA/FAIRFAX-GMU		Escalator between mezzanine and platform
K08X02ESCALATOR	K08	VIENNA/FAIRFAX-GMU		Escalator between mezzanine and platform
K08X03ESCALATOR	K08	VIENNA/FAIRFAX-GMU		Escalator between mezzanine and platform
K03X01ESCALATOR	K03	VIRGINIA SQUARE-GMU		Escalator between street and mezzanine
K03X02ESCALATOR	K03	VIRGINIA SQUARE-GMU		Escalator between street and mezzanine
K03X03ESCALATOR	K03	VIRGINIA SQUARE-GMU		Escalator between street and mezzanine
K03X04ESCALATOR	K03	VIRGINIA SQUARE-GMU		Escalator between mezzanine and platform to Vienna
K03X05ESCALATOR	K03	VIRGINIA SQUARE-GMU		Escalator between mezzanine and platform to Vienna
K03X06ESCALATOR	K03	VIRGINIA SQUARE-GMU		Escalator between mezzanine and platform to New Carrolton
K03X07ESCALATOR	K03	VIRGINIA SQUARE-GMU		Escalator between mezzanine and platform to New Carrolton
F04X01ESCALATOR	F04	WATERFRONT-SEU		Escalator between street and mezzanine
F04X02ESCALATOR	F04	WATERFRONT-SEU		Escalator between street and mezzanine
F04X03ESCALATOR	F04	WATERFRONT-SEU		Escalator between street and mezzanine
F04X04ESCALATOR	F04	WATERFRONT-SEU		Escalator between mezzanine and platform
F04X05ESCALATOR	F04	WATERFRONT-SEU		Escalator between mezzanine and platform
K06X01ESCALATOR	K06	WEST FALLS CHURCH-VT/UVA		Escalator between mezzanine and platform to New Carrolton
K06X02ESCALATOR	K06	WEST FALLS CHURCH-VT/UVA		Escalator between mezzanine and platform to New Carrolton
K06X03ESCALATOR	K06	WEST FALLS CHURCH-VT/UVA		Escalator between mezzanine and platform to Vienna
K06X04ESCALATOR	K06	WEST FALLS CHURCH-VT/UVA		Escalator between mezzanine and platform to Vienna
K06X05ESCALATOR	K06	WEST FALLS CHURCH-VT/UVA		Escalator between north side bus terminal and mezzanine (Dulles Access Road entrance)
K06X06ESCALATOR	K06	WEST FALLS CHURCH-VT/UVA		Escalator between north side bus terminal and mezzanine (Dulles Access Road entrance)
E07X01ESCALATOR	E07	WEST HYATTSVILLE		Escalator between mezzanine and platform to Greenbelt
E07X02ESCALATOR	E07	WEST HYATTSVILLE		Escalator between mezzanine and platform to Greenbelt
E07X03ESCALATOR	E07	WEST HYATTSVILLE		Escalator between mezzanine and platform to Branch Ave
E07X04ESCALATOR	E07	WEST HYATTSVILLE		Escalator between mezzanine and platform to Branch Ave
B10X01ESCALATOR	B10	WHEATON		Escalator between mezzanine and platform
B10X02ESCALATOR	B10	WHEATON		Escalator between mezzanine and platform
B10X03ESCALATOR	B10	WHEATON		Escalator between mezzanine and platform
A12X01ESCALATOR	A12	WHITE FLINT		Escalator between parking lot & pedestrian tunnel
A12X02ESCALATOR	A12	WHITE FLINT		Escalator between station entrance and pedestrian tunnel
A12X03ESCALATOR	A12	WHITE FLINT		Escalator between mezzanine and platform
A12X04ESCALATOR	A12	WHITE FLINT		Escalator between mezzanine and platform
A04X01ESCALATOR	A04	WOODLEY PARK-ZOO/ADAMS MORGAN		Escalator between street and middle landing
A04X02ESCALATOR	A04	WOODLEY PARK-ZOO/ADAMS MORGAN		Escalator between street and middle landing
A04X03ESCALATOR	A04	WOODLEY PARK-ZOO/ADAMS MORGAN		Escalator between street and middle landing
A04X04ESCALATOR	A04	WOODLEY PARK-ZOO/ADAMS MORGAN		Escalator between middle landing and mezzanine
A04X05ESCALATOR	A04	WOODLEY PARK-ZOO/ADAMS MORGAN		Escalator between middle landing and mezzanine
A04X06ESCALATOR	A04	WOODLEY PARK-ZOO/ADAMS MORGAN		Escalator between middle landing and mezzanine
A04X07ESCALATOR	A04	WOODLEY PARK-ZOO/ADAMS MORGAN		Escalator between mezzanine and platform
A04X08ESCALATOR	A04	WOODLEY PARK-ZOO/ADAMS MORGAN		Escalator between mezzanine and platform
